volt,current,capacity
3.90,495.20,0.18
3.90,495.90,0.34
3.90,495.30,0.50
3.89,495.10,0.66
3.89,495.10,0.82
3.89,495.50,0.98
3.89,495.30,1.14
3.89,495.40,1.30
3.89,495.00,1.45
3.89,494.70,1.61
3.89,495.00,1.77
3.89,494.80,1.93
3.89,494.60,2.09
3.89,494.70,2.25
3.88,494.50,2.41
3.89,494.60,2.57
3.88,494.40,2.73
3.88,494.60,2.88
3.88,494.00,3.04
3.88,494.10,3.20
3.88,493.90,3.36
3.88,493.80,3.52
3.88,493.90,3.68
3.87,493.80,3.84
3.87,494.00,4.00
3.87,493.40,4.15
3.87,493.60,4.31
3.87,493.40,4.47
3.87,493.20,4.63
3.87,493.60,4.79
3.87,493.10,4.95
3.87,493.10,5.11
3.87,493.10,5.26
3.87,493.00,5.42
3.87,493.20,5.58
3.87,493.20,5.74
3.87,492.80,5.90
3.87,492.70,6.06
3.87,492.40,6.21
3.87,492.70,6.37
3.87,492.20,6.53
3.87,492.30,6.69
3.87,491.80,6.85
3.87,491.70,7.00
3.87,491.90,7.16
3.87,491.90,7.32
3.87,491.70,7.48
3.87,491.80,7.64
3.87,491.70,7.79
3.87,491.20,7.95
3.87,491.70,8.11
3.87,491.90,8.27
3.87,491.40,8.43
3.86,489.60,8.58
3.86,489.80,8.74
3.86,489.50,8.90
3.86,489.60,9.05
3.86,489.60,9.21
3.86,489.70,9.37
3.86,489.80,9.53
3.86,489.50,9.68
3.86,489.30,9.84
3.86,489.20,10.00
3.86,489.40,10.16
3.86,489.20,10.31
3.86,489.30,10.47
3.86,489.10,10.63
3.86,488.80,10.79
3.86,489.00,10.94
3.86,488.70,11.10
3.86,488.80,11.26
3.86,489.00,11.41
3.86,488.80,11.57
3.86,488.60,11.73
3.86,488.40,11.88
3.85,488.60,12.04
3.85,488.60,12.20
3.85,488.30,12.36
3.85,488.20,12.51
3.86,488.40,12.67
3.85,488.10,12.83
3.85,488.40,12.98
3.86,488.10,13.14
3.85,488.00,13.30
3.86,488.30,13.46
3.85,488.30,13.61
3.85,488.10,13.77
3.85,488.40,13.93
3.85,488.50,14.08
3.85,488.20,14.24
3.85,488.50,14.40
3.85,488.10,14.56
3.85,488.60,14.71
3.85,488.30,14.87
3.85,488.40,15.03
3.85,488.60,15.18
3.85,488.40,15.34
3.85,488.20,15.50
3.85,488.40,15.66
3.85,488.20,15.81
3.85,488.20,15.97
3.85,488.30,16.13
3.85,488.10,16.28
3.85,488.30,16.44
3.85,488.20,16.60
3.85,488.30,16.76
3.85,488.20,16.91
3.85,487.90,17.07
3.85,488.00,17.23
3.85,488.00,17.38
3.85,488.20,17.54
3.85,487.90,17.70
3.84,488.30,17.86
3.84,488.30,18.01
3.85,488.20,18.17
3.85,487.80,18.33
3.84,487.70,18.48
3.84,488.30,18.64
3.84,487.60,18.80
3.85,488.10,18.95
3.84,487.70,19.11
3.84,487.70,19.27
3.84,488.00,19.43
3.84,487.60,19.58
3.84,487.40,19.74
3.84,487.70,19.90
3.85,487.50,20.05
3.84,487.60,20.21
3.84,487.20,20.37
3.84,487.40,20.52
3.84,487.30,20.68
3.84,487.40,20.84
3.84,487.40,20.99
3.84,487.30,21.15
3.84,487.30,21.31
3.84,487.10,21.47
3.84,486.90,21.62
3.84,487.30,21.78
3.84,486.90,21.94
3.84,487.00,22.09
3.84,487.00,22.25
3.84,486.90,22.41
3.84,487.00,22.56
3.84,487.10,22.72
3.84,487.10,22.88
3.84,486.90,23.03
3.84,487.10,23.19
3.84,486.90,23.35
3.84,487.00,23.50
3.84,486.90,23.66
3.84,486.80,23.82
3.84,487.20,23.97
3.84,486.70,24.13
3.84,486.90,24.29
3.84,486.80,24.44
3.84,486.70,24.60
3.84,486.90,24.76
3.84,486.70,24.91
3.84,486.70,25.07
3.84,486.70,25.23
3.84,486.70,25.38
3.84,486.50,25.54
3.84,486.90,25.70
3.84,486.20,25.85
3.84,486.30,26.01
3.84,486.60,26.17
3.84,486.60,26.32
3.84,486.70,26.48
3.84,486.70,26.64
3.84,486.50,26.79
3.84,486.50,26.95
3.84,486.70,27.10
3.84,486.70,27.26
3.84,486.70,27.42
3.84,486.60,27.57
3.84,486.80,27.73
3.84,486.50,27.89
3.84,486.50,28.04
3.84,486.30,28.20
3.84,486.80,28.36
3.84,486.40,28.51
3.84,486.90,28.67
3.84,486.60,28.83
3.84,487.10,28.98
3.84,486.80,29.14
3.84,486.70,29.30
3.84,486.50,29.45
3.84,486.50,29.61
3.83,486.60,29.77
3.84,486.70,29.92
3.84,486.30,30.08
3.84,486.50,30.24
3.84,486.40,30.39
3.84,486.10,30.55
3.84,486.40,30.71
3.84,485.80,30.86
3.84,486.50,31.02
3.84,486.40,31.18
3.84,486.40,31.33
3.84,486.30,31.49
3.83,486.10,31.65
3.84,486.30,31.80
3.84,486.00,31.96
3.83,486.00,32.12
3.83,486.20,32.27
3.84,486.30,32.43
3.84,486.00,32.59
3.84,485.80,32.74
3.84,486.30,32.90
3.84,485.50,33.05
3.84,485.80,33.21
3.83,486.10,33.37
3.84,486.30,33.52
3.83,486.40,33.68
3.84,485.90,33.84
3.83,485.60,33.99
3.84,486.30,34.15
3.84,486.10,34.31
3.83,486.10,34.46
3.84,485.80,34.62
3.84,486.10,34.78
3.83,485.90,34.93
3.83,485.60,35.09
3.83,485.80,35.24
3.83,485.70,35.40
3.84,485.60,35.56
3.83,485.60,35.71
3.83,485.60,35.87
3.84,485.80,36.03
3.83,485.40,36.18
3.84,485.70,36.34
3.84,485.30,36.50
3.83,485.40,36.65
3.84,485.50,36.81
3.84,485.60,36.96
3.83,485.60,37.12
3.84,485.60,37.28
3.84,485.60,37.43
3.83,485.60,37.59
3.84,485.40,37.75
3.83,485.20,37.90
3.83,485.30,38.06
3.83,485.50,38.21
3.83,485.30,38.37
3.83,485.50,38.53
3.83,485.30,38.68
3.83,485.20,38.84
3.83,485.20,39.00
3.83,485.70,39.15
3.83,485.30,39.31
3.83,485.40,39.46
3.84,485.40,39.62
3.83,485.20,39.78
3.83,485.30,39.93
3.83,485.40,40.09
3.83,485.40,40.25
3.84,485.10,40.40
3.83,485.60,40.56
3.83,485.40,40.71
3.83,485.40,40.87
3.83,485.30,41.03
3.83,485.30,41.18
3.83,485.40,41.34
3.83,485.60,41.49
3.83,485.40,41.65
3.83,485.40,41.81
3.83,485.50,41.96
3.83,485.50,42.12
3.83,485.60,42.28
3.83,485.40,42.43
3.83,485.30,42.59
3.83,485.70,42.74
3.83,485.40,42.90
3.83,485.30,43.06
3.83,485.00,43.21
3.83,485.50,43.37
3.83,485.00,43.53
3.83,485.40,43.68
3.83,485.30,43.84
3.83,485.30,43.99
3.83,485.30,44.15
3.83,485.00,44.31
3.83,485.20,44.46
3.83,485.40,44.62
3.83,485.20,44.78
3.83,485.40,44.93
3.83,485.20,45.09
3.83,484.90,45.24
3.83,484.90,45.40
3.83,485.20,45.56
3.83,484.90,45.71
3.83,485.00,45.87
3.83,485.30,46.02
3.83,485.30,46.18
3.83,485.00,46.34
3.83,485.20,46.49
3.83,485.00,46.65
3.83,485.00,46.81
3.83,484.90,46.96
3.83,484.80,47.12
3.83,484.80,47.27
3.83,484.90,47.43
3.83,485.10,47.59
3.83,484.90,47.74
3.83,484.90,47.90
3.83,484.80,48.05
3.83,485.00,48.21
3.83,484.70,48.37
3.83,484.70,48.52
3.83,484.90,48.68
3.83,484.50,48.83
3.83,484.90,48.99
3.83,484.60,49.15
3.83,484.50,49.30
3.83,484.70,49.46
3.83,484.80,49.61
3.83,484.70,49.77
3.83,484.70,49.93
3.83,484.50,50.08
3.83,484.70,50.24
3.83,484.80,50.39
3.83,484.80,50.55
3.83,484.70,50.71
3.83,484.60,50.86
3.83,484.90,51.02
3.83,484.60,51.17
3.83,484.60,51.33
3.83,484.50,51.49
3.83,484.50,51.64
3.83,484.50,51.80
3.83,484.80,51.95
3.83,484.40,52.11
3.83,484.80,52.27
3.83,484.70,52.42
3.83,484.60,52.58
3.83,484.50,52.73
3.83,484.60,52.89
3.83,484.70,53.05
3.83,484.50,53.20
3.83,484.80,53.36
3.83,484.60,53.51
3.83,484.70,53.67
3.83,484.60,53.83
3.83,484.30,53.98
3.83,484.50,54.14
3.82,484.60,54.29
3.83,484.60,54.45
3.82,484.70,54.61
3.83,484.60,54.76
3.83,484.50,54.92
3.83,485.00,55.08
3.82,484.70,55.23
3.83,484.70,55.39
3.83,484.30,55.54
3.82,484.60,55.70
3.83,484.60,55.86
3.83,484.90,56.01
3.82,484.80,56.17
3.83,484.70,56.32
3.83,484.70,56.48
3.83,484.60,56.64
3.83,484.70,56.79
3.83,484.80,56.95
3.83,484.60,57.10
3.82,484.50,57.26
3.82,484.80,57.42
3.83,484.60,57.57
3.83,484.60,57.73
3.82,484.60,57.88
3.83,484.50,58.04
3.82,484.60,58.20
3.82,484.30,58.35
3.82,484.30,58.51
3.83,484.80,58.66
3.83,484.20,58.82
3.82,484.60,58.98
3.82,484.60,59.13
3.82,484.70,59.29
3.82,484.20,59.44
3.82,484.50,59.60
3.82,484.10,59.76
3.83,484.60,59.91
3.82,484.50,60.07
3.83,484.60,60.22
3.82,484.50,60.38
3.83,484.50,60.53
3.83,484.60,60.69
3.83,484.10,60.85
3.82,484.40,61.00
3.82,484.40,61.16
3.82,484.30,61.31
3.82,484.50,61.47
3.82,484.40,61.63
3.83,484.10,61.78
3.83,484.30,61.94
3.83,484.30,62.09
3.82,484.00,62.25
3.82,484.20,62.41
3.82,484.00,62.56
3.83,484.10,62.72
3.83,484.20,62.87
3.82,484.20,63.03
3.82,484.40,63.18
3.82,484.40,63.34
3.82,484.40,63.50
3.82,484.20,63.65
3.82,484.50,63.81
3.82,484.40,63.96
3.82,484.00,64.12
3.83,484.40,64.28
3.82,484.30,64.43
3.82,484.00,64.59
3.82,484.00,64.74
3.82,484.10,64.90
3.82,484.20,65.05
3.83,483.90,65.21
3.82,484.10,65.37
3.82,484.20,65.52
3.82,484.20,65.68
3.82,483.60,65.83
3.82,484.00,65.99
3.82,484.20,66.14
3.83,483.70,66.30
3.82,484.30,66.46
3.82,483.40,66.61
3.82,483.70,66.77
3.82,484.00,66.92
3.82,483.90,67.08
3.82,483.90,67.24
3.82,483.80,67.39
3.82,484.00,67.55
3.82,483.70,67.70
3.82,483.70,67.86
3.82,483.80,68.01
3.82,483.40,68.17
3.82,483.60,68.32
3.82,483.70,68.48
3.82,483.60,68.64
3.82,483.80,68.79
3.82,483.70,68.95
3.82,483.60,69.10
3.82,483.60,69.26
3.82,483.20,69.42
3.82,483.30,69.57
3.82,483.50,69.73
3.82,483.40,69.88
3.82,483.30,70.04
3.82,483.30,70.19
3.82,483.40,70.35
3.83,483.30,70.50
3.82,483.30,70.66
3.82,483.50,70.82
3.82,483.20,70.97
3.82,483.20,71.13
3.82,483.10,71.28
3.82,483.20,71.44
3.82,483.40,71.59
3.82,483.10,71.75
3.82,483.20,71.90
3.82,483.40,72.06
3.82,483.30,72.22
3.82,483.50,72.37
3.82,483.40,72.53
3.82,483.40,72.68
3.82,483.20,72.84
3.82,483.20,72.99
3.82,483.20,73.15
3.82,483.20,73.30
3.82,483.30,73.46
3.82,483.50,73.62
3.82,483.20,73.77
3.82,483.20,73.93
3.82,483.10,74.08
3.82,483.10,74.24
3.82,483.10,74.39
3.82,483.40,74.55
3.82,483.30,74.70
3.82,483.40,74.86
3.82,483.50,75.02
3.82,483.50,75.17
3.82,483.40,75.33
3.82,483.40,75.48
3.82,483.50,75.64
3.82,483.20,75.79
3.82,483.10,75.95
3.82,483.10,76.10
3.82,483.10,76.26
3.82,483.10,76.42
3.82,483.10,76.57
3.82,483.20,76.73
3.82,483.40,76.88
3.82,483.20,77.04
3.82,483.20,77.19
3.82,483.10,77.35
3.82,483.20,77.50
3.82,483.20,77.66
3.82,483.30,77.82
3.82,483.20,77.97
3.82,483.30,78.13
3.82,483.20,78.28
3.82,483.20,78.44
3.82,483.10,78.59
3.82,482.90,78.75
3.82,482.80,78.90
3.82,482.70,79.06
3.82,482.90,79.21
3.82,483.10,79.37
3.82,482.90,79.53
3.82,483.10,79.68
3.82,482.70,79.84
3.82,483.10,79.99
3.82,482.90,80.15
3.82,482.70,80.30
3.82,483.10,80.46
3.82,482.90,80.61
3.82,483.10,80.77
3.82,482.50,80.92
3.82,482.90,81.08
3.82,482.70,81.24
3.82,482.80,81.39
3.82,482.80,81.55
3.82,482.80,81.70
3.82,482.80,81.86
3.82,482.80,82.01
3.82,482.80,82.17
3.82,482.50,82.32
3.82,482.70,82.48
3.82,482.90,82.63
3.82,482.80,82.79
3.82,482.40,82.94
3.82,482.80,83.10
3.82,482.30,83.26
3.82,482.50,83.41
3.82,482.60,83.57
3.82,482.50,83.72
3.82,482.40,83.88
3.82,482.50,84.03
3.82,482.50,84.19
3.82,482.20,84.34
3.82,482.50,84.50
3.82,482.30,84.65
3.82,482.50,84.81
3.82,482.30,84.96
3.82,482.30,85.12
3.82,482.70,85.27
3.82,482.20,85.43
3.82,482.30,85.59
3.82,482.30,85.74
3.82,482.20,85.90
3.82,482.20,86.05
3.82,482.30,86.21
3.82,482.20,86.36
3.82,482.10,86.52
3.82,482.00,86.67
3.82,482.30,86.83
3.82,482.20,86.98
3.82,482.20,87.14
3.82,482.40,87.29
3.82,482.30,87.45
3.81,482.50,87.60
3.82,482.20,87.76
3.81,482.40,87.91
3.82,482.30,88.07
3.82,482.20,88.22
3.82,482.60,88.38
3.82,482.30,88.54
3.81,482.10,88.69
3.82,482.20,88.85
3.82,482.30,89.00
3.82,482.30,89.16
3.82,482.10,89.31
3.82,482.20,89.47
3.82,482.00,89.62
3.82,482.20,89.78
3.82,482.00,89.93
3.81,481.90,90.09
3.82,482.10,90.24
3.82,482.20,90.40
3.82,482.10,90.55
3.82,481.90,90.71
3.81,482.10,90.86
3.82,481.90,91.02
3.82,481.60,91.17
3.82,482.00,91.33
3.81,482.30,91.48
3.81,481.90,91.64
3.82,481.90,91.79
3.82,481.80,91.95
3.82,481.90,92.10
3.82,482.20,92.26
3.82,481.90,92.41
3.82,481.80,92.57
3.81,482.10,92.72
3.82,482.00,92.88
3.82,481.90,93.03
3.81,482.20,93.19
3.82,481.80,93.34
3.82,482.10,93.50
3.81,482.00,93.65
3.81,481.80,93.81
3.82,481.80,93.96
3.82,481.70,94.12
3.82,482.00,94.27
3.82,481.80,94.43
3.81,482.20,94.59
3.82,482.00,94.74
3.81,481.90,94.90
3.82,481.90,95.05
3.81,481.60,95.21
3.82,481.90,95.36
3.82,481.90,95.52
3.81,482.10,95.67
3.81,481.70,95.83
3.81,482.00,95.98
3.81,481.80,96.14
3.81,481.90,96.29
3.81,481.60,96.45
3.81,481.80,96.60
3.81,481.80,96.76
3.81,481.80,96.91
3.81,481.60,97.07
3.81,481.80,97.22
3.82,481.60,97.38
3.81,481.90,97.53
3.81,481.30,97.69
3.82,481.70,97.84
3.82,481.70,98.00
3.81,481.70,98.15
3.81,481.30,98.31
3.81,481.20,98.46
3.81,481.60,98.62
3.82,481.40,98.77
3.81,481.40,98.93
3.81,481.60,99.08
3.81,481.50,99.24
3.81,481.70,99.39
3.81,481.90,99.55
3.81,481.70,99.70
3.81,481.30,99.86
3.82,481.40,100.01
3.81,481.40,100.17
3.81,481.20,100.32
3.81,481.20,100.48
3.81,481.60,100.63
3.81,481.20,100.79
3.81,481.30,100.94
3.81,481.70,101.10
3.81,481.50,101.25
3.81,481.40,101.41
3.81,481.40,101.56
3.81,481.40,101.72
3.81,481.40,101.87
3.81,481.30,102.03
3.81,481.40,102.18
3.81,481.10,102.34
3.81,481.20,102.49
3.81,481.20,102.65
3.81,481.10,102.80
3.81,481.10,102.96
3.81,481.30,103.11
3.81,481.10,103.27
3.81,481.20,103.42
3.81,481.00,103.58
3.81,481.30,103.73
3.81,481.20,103.89
3.81,481.20,104.04
3.81,481.30,104.20
3.81,481.50,104.35
3.81,481.30,104.51
3.81,481.40,104.66
3.81,481.40,104.81
3.81,481.20,104.97
3.81,481.40,105.12
3.81,481.00,105.28
3.81,481.10,105.43
3.81,481.30,105.59
3.81,481.10,105.74
3.81,481.30,105.90
3.81,481.00,106.05
3.81,481.40,106.21
3.81,480.90,106.36
3.81,481.10,106.52
3.81,481.20,106.67
3.81,481.30,106.83
3.81,481.20,106.98
3.81,481.00,107.14
3.81,481.10,107.29
3.81,480.90,107.45
3.81,480.90,107.60
3.81,480.90,107.76
3.81,481.20,107.91
3.81,480.60,108.07
3.81,480.80,108.22
3.81,481.20,108.38
3.80,481.10,108.53
3.81,481.20,108.69
3.81,480.90,108.84
3.81,480.90,109.00
3.81,480.60,109.15
3.81,480.70,109.31
3.81,481.00,109.46
3.81,481.30,109.62
3.81,481.20,109.77
3.81,481.10,109.93
3.81,481.10,110.08
3.81,481.10,110.24
3.81,480.60,110.39
3.81,480.50,110.55
3.81,480.60,110.70
3.80,480.80,110.86
3.80,481.10,111.01
3.81,480.70,111.17
3.80,481.20,111.32
3.81,480.80,111.47
3.81,480.60,111.63
3.80,480.50,111.78
3.81,480.60,111.94
3.80,480.60,112.09
3.80,480.80,112.25
3.81,480.30,112.40
3.81,480.80,112.56
3.81,480.60,112.71
3.81,480.50,112.87
3.81,480.80,113.02
3.81,480.90,113.18
3.81,480.80,113.33
3.81,480.50,113.49
3.81,480.60,113.64
3.81,480.40,113.79
3.81,480.60,113.95
3.80,480.30,114.10
3.81,480.40,114.26
3.81,480.50,114.41
3.81,480.00,114.57
3.81,480.30,114.72
3.80,480.20,114.88
3.80,480.10,115.03
3.81,480.50,115.19
3.81,480.20,115.34
3.80,480.20,115.50
3.81,480.10,115.65
3.81,480.30,115.81
3.80,480.40,115.96
3.80,480.10,116.12
3.80,480.30,116.27
3.81,480.20,116.43
3.81,480.10,116.58
3.80,480.20,116.73
3.80,480.30,116.89
3.81,479.90,117.04
3.80,479.80,117.20
3.81,479.90,117.35
3.81,480.00,117.51
3.80,480.10,117.66
3.81,480.20,117.82
3.80,479.90,117.97
3.80,479.90,118.13
3.81,480.20,118.28
3.80,480.00,118.43
3.80,479.90,118.59
3.80,480.00,118.74
3.80,479.80,118.90
3.80,480.10,119.05
3.80,479.80,119.21
3.80,479.90,119.36
3.80,479.90,119.52
3.80,480.00,119.67
3.80,480.10,119.83
3.80,479.90,119.98
3.80,479.90,120.14
3.81,479.90,120.29
3.80,479.90,120.45
3.80,479.70,120.60
3.80,479.90,120.75
3.80,479.70,120.91
3.80,480.10,121.06
3.80,480.10,121.22
3.81,479.90,121.37
3.80,479.90,121.53
3.80,479.80,121.68
3.80,479.70,121.84
3.80,479.90,121.99
3.80,479.80,122.15
3.80,479.80,122.30
3.80,479.80,122.46
3.80,479.90,122.61
3.80,479.60,122.76
3.80,479.90,122.92
3.80,479.90,123.07
3.80,479.90,123.23
3.80,479.80,123.38
3.80,480.10,123.54
3.80,479.90,123.69
3.80,479.80,123.85
3.80,480.00,124.00
3.80,479.30,124.16
3.80,479.50,124.31
3.80,479.70,124.47
3.80,479.60,124.62
3.80,479.50,124.78
3.80,479.70,124.93
3.80,479.10,125.08
3.80,479.50,125.24
3.80,479.50,125.39
3.80,479.60,125.55
3.80,479.40,125.70
3.80,479.60,125.86
3.80,479.60,126.01
3.80,479.40,126.17
3.80,479.20,126.32
3.80,479.00,126.48
3.80,479.60,126.63
3.80,479.10,126.78
3.80,479.50,126.94
3.80,479.40,127.09
3.80,478.90,127.25
3.80,479.20,127.40
3.80,479.20,127.56
3.80,479.40,127.71
3.80,479.30,127.87
3.80,479.20,128.02
3.80,478.90,128.18
3.80,479.00,128.33
3.80,479.30,128.48
3.80,479.40,128.64
3.80,479.00,128.79
3.80,479.60,128.95
3.80,479.00,129.10
3.80,479.50,129.26
3.80,479.20,129.41
3.80,479.00,129.57
3.80,479.00,129.72
3.80,479.50,129.87
3.80,479.20,130.03
3.80,479.40,130.18
3.80,479.10,130.34
3.80,479.10,130.49
3.80,478.90,130.65
3.80,479.10,130.80
3.80,479.10,130.96
3.80,478.90,131.11
3.80,479.20,131.26
3.80,478.90,131.42
3.80,478.90,131.57
3.80,479.10,131.73
3.80,478.90,131.88
3.80,478.80,132.04
3.80,479.10,132.19
3.80,478.90,132.34
3.80,478.80,132.50
3.80,478.90,132.65
3.80,479.20,132.81
3.80,479.10,132.96
3.80,479.00,133.12
3.80,478.60,133.27
3.80,478.80,133.43
3.80,478.90,133.58
3.80,479.00,133.73
3.80,479.00,133.89
3.80,478.50,134.04
3.80,478.70,134.20
3.80,478.90,134.35
3.80,478.70,134.51
3.80,478.80,134.66
3.80,478.70,134.81
3.80,478.80,134.97
3.79,478.50,135.12
3.80,478.70,135.28
3.80,478.60,135.43
3.80,478.60,135.58
3.80,478.40,135.74
3.80,478.80,135.89
3.80,478.70,136.05
3.80,478.50,136.20
3.80,478.40,136.36
3.80,478.50,136.51
3.80,478.70,136.66
3.80,478.80,136.82
3.80,478.60,136.97
3.80,478.60,137.13
3.80,478.50,137.28
3.80,478.40,137.44
3.80,478.40,137.59
3.80,478.60,137.74
3.80,478.90,137.90
3.80,478.50,138.05
3.80,478.50,138.21
3.80,478.40,138.36
3.80,478.20,138.52
3.80,477.80,138.67
3.80,478.20,138.82
3.80,478.30,138.98
3.80,478.10,139.13
3.79,478.10,139.29
3.79,478.20,139.44
3.80,478.10,139.59
3.80,478.20,139.75
3.80,478.20,139.90
3.79,478.20,140.06
3.79,478.20,140.21
3.79,477.90,140.37
3.79,478.10,140.52
3.79,478.00,140.67
3.79,478.30,140.83
3.80,478.00,140.98
3.80,478.20,141.14
3.79,478.10,141.29
3.79,477.90,141.44
3.79,478.20,141.60
3.79,478.50,141.75
3.79,478.60,141.91
3.79,478.10,142.06
3.79,478.00,142.21
3.80,478.20,142.37
3.80,478.00,142.52
3.79,477.90,142.68
3.79,478.00,142.83
3.79,477.90,142.98
3.79,478.30,143.14
3.79,478.00,143.29
3.79,477.80,143.45
3.79,478.20,143.60
3.79,477.80,143.75
3.79,477.70,143.91
3.79,477.60,144.06
3.79,477.70,144.22
3.79,477.80,144.37
3.79,477.70,144.52
3.79,478.90,144.68
3.79,477.60,144.83
3.79,477.70,144.99
3.79,477.60,145.14
3.79,477.50,145.29
3.79,477.80,145.45
3.79,478.00,145.60
3.79,477.60,145.76
3.79,477.50,145.91
3.79,477.50,146.06
3.79,477.90,146.22
3.79,477.90,146.37
3.79,477.20,146.53
3.79,477.90,146.68
3.79,477.30,146.83
3.79,477.60,146.99
3.79,477.50,147.14
3.79,477.60,147.30
3.79,477.60,147.45
3.79,477.70,147.60
3.79,477.40,147.76
3.78,477.40,147.91
3.79,477.40,148.07
3.79,477.10,148.22
3.79,477.40,148.37
3.79,477.40,148.53
3.79,477.80,148.68
3.79,477.30,148.84
3.79,477.20,148.99
3.79,477.00,149.14
3.79,477.30,149.30
3.79,477.10,149.45
3.79,477.30,149.60
3.79,477.00,149.76
3.79,477.50,149.91
3.79,477.30,150.07
3.79,477.10,150.22
3.79,477.10,150.37
3.79,476.80,150.53
3.79,477.20,150.68
3.79,476.70,150.83
3.78,476.50,150.99
3.79,476.90,151.14
3.79,477.00,151.30
3.78,477.10,151.45
3.79,477.10,151.60
3.79,476.90,151.76
3.79,477.10,151.91
3.78,476.80,152.06
3.78,476.60,152.22
3.79,477.10,152.37
3.79,477.00,152.52
3.78,477.00,152.68
3.78,477.10,152.83
3.79,476.30,152.99
3.78,476.80,153.14
3.79,477.00,153.29
3.78,476.90,153.45
3.78,476.80,153.60
3.79,476.90,153.75
3.79,476.70,153.91
3.78,476.90,154.06
3.78,476.70,154.21
3.78,476.70,154.37
3.78,476.60,154.52
3.78,476.70,154.68
3.78,476.40,154.83
3.78,476.60,154.98
3.78,476.60,155.14
3.78,476.50,155.29
3.78,476.60,155.44
3.78,476.60,155.60
3.78,476.80,155.75
3.78,476.80,155.90
3.78,476.40,156.06
3.78,476.00,156.21
3.78,476.60,156.36
3.78,476.40,156.52
3.78,476.60,156.67
3.78,476.50,156.83
3.78,476.50,156.98
3.78,476.50,157.13
3.78,476.70,157.29
3.78,476.60,157.44
3.78,476.30,157.59
3.78,476.70,157.75
3.78,476.20,157.90
3.78,476.30,158.05
3.78,476.20,158.21
3.78,476.50,158.36
3.78,476.10,158.51
3.78,476.20,158.67
3.78,476.20,158.82
3.78,476.10,158.98
3.78,476.20,159.13
3.78,476.40,159.28
3.78,475.80,159.44
3.78,476.00,159.59
3.78,475.80,159.74
3.78,475.80,159.90
3.78,475.90,160.05
3.78,476.00,160.20
3.78,476.10,160.36
3.78,475.80,160.51
3.78,476.70,160.66
3.78,476.30,160.82
3.78,475.50,160.97
3.78,475.60,161.12
3.78,476.10,161.28
3.78,475.80,161.43
3.78,475.60,161.58
3.78,475.80,161.74
3.78,476.30,161.89
3.78,476.00,162.04
3.78,476.30,162.20
3.78,476.00,162.35
3.78,475.70,162.50
3.78,475.50,162.66
3.78,475.80,162.81
3.78,475.70,162.96
3.78,475.70,163.12
3.78,475.20,163.27
3.78,475.60,163.42
3.78,476.10,163.58
3.78,475.50,163.73
3.78,475.70,163.88
3.78,475.50,164.04
3.78,475.50,164.19
3.78,475.50,164.34
3.78,475.10,164.50
3.78,475.10,164.65
3.78,475.70,164.80
3.78,475.20,164.96
3.78,474.90,165.11
3.78,475.00,165.26
3.78,474.90,165.42
3.78,475.10,165.57
3.78,475.10,165.72
3.78,475.20,165.87
3.78,475.30,166.03
3.78,475.20,166.18
3.78,474.40,166.33
3.78,474.90,166.49
3.78,474.80,166.64
3.78,474.90,166.79
3.78,475.10,166.95
3.78,475.00,167.10
3.77,474.80,167.25
3.77,474.40,167.41
3.78,474.70,167.56
3.78,474.70,167.71
3.78,474.70,167.86
3.78,474.80,168.02
3.78,474.90,168.17
3.78,474.90,168.32
3.78,474.60,168.48
3.78,474.30,168.63
3.78,474.60,168.78
3.78,475.40,168.94
3.78,475.20,169.09
3.78,474.10,169.24
3.77,475.30,169.39
3.78,475.10,169.55
3.78,474.50,169.70
3.78,474.40,169.85
3.78,474.40,170.01
3.78,474.30,170.16
3.77,474.90,170.31
3.78,474.10,170.47
3.78,474.30,170.62
3.77,474.80,170.77
3.77,474.30,170.92
3.78,474.20,171.08
3.78,475.00,171.23
3.78,475.00,171.38
3.77,475.00,171.54
3.77,474.50,171.69
3.78,474.80,171.84
3.77,474.20,172.00
3.77,474.40,172.15
3.77,474.60,172.30
3.77,474.40,172.45
3.77,474.60,172.61
3.77,475.00,172.76
3.77,474.60,172.91
3.77,474.90,173.07
3.77,474.20,173.22
3.78,474.90,173.37
3.78,475.00,173.52
3.77,474.70,173.68
3.77,474.70,173.83
3.77,474.90,173.98
3.77,474.80,174.14
3.77,474.90,174.29
3.77,474.60,174.44
3.77,474.70,174.60
3.77,474.80,174.75
3.77,474.30,174.90
3.77,474.90,175.05
3.77,474.30,175.21
3.77,474.60,175.36
3.77,474.70,175.51
3.77,474.50,175.67
3.77,474.60,175.82
3.77,474.70,175.97
3.77,474.60,176.13
3.77,474.30,176.28
3.77,474.50,176.43
3.77,474.30,176.58
3.77,474.50,176.74
3.77,474.50,176.89
3.77,474.20,177.04
3.77,474.40,177.20
3.77,474.30,177.35
3.77,474.10,177.50
3.77,474.30,177.65
3.77,474.00,177.81
3.77,474.10,177.96
3.77,474.10,178.11
3.77,474.30,178.27
3.77,474.40,178.42
3.77,473.90,178.57
3.77,474.10,178.72
3.76,474.10,178.88
3.77,474.00,179.03
3.77,474.00,179.18
3.77,473.80,179.33
3.76,474.00,179.49
3.77,473.80,179.64
3.77,474.20,179.79
3.76,474.10,179.95
3.77,474.00,180.10
3.76,474.20,180.25
3.76,473.90,180.40
3.76,474.00,180.56
3.76,473.80,180.71
3.76,473.80,180.86
3.76,473.80,181.01
3.76,473.90,181.17
3.76,473.90,181.32
3.76,473.80,181.47
3.76,473.70,181.63
3.76,473.70,181.78
3.77,473.80,181.93
3.76,473.50,182.08
3.77,473.70,182.24
3.76,473.40,182.39
3.76,473.80,182.54
3.76,473.70,182.69
3.77,473.70,182.85
3.76,473.60,183.00
3.76,473.40,183.15
3.76,473.30,183.30
3.76,473.40,183.46
3.76,473.20,183.61
3.76,473.40,183.76
3.76,473.40,183.91
3.76,473.40,184.07
3.76,473.30,184.22
3.76,473.40,184.37
3.76,473.40,184.53
3.76,473.50,184.68
3.76,473.10,184.83
3.76,473.10,184.98
3.76,473.20,185.14
3.76,473.00,185.29
3.76,473.30,185.44
3.76,473.10,185.59
3.76,473.10,185.75
3.76,473.20,185.90
3.76,473.20,186.05
3.76,473.10,186.20
3.76,473.20,186.36
3.76,472.80,186.51
3.76,472.50,186.66
3.76,472.90,186.81
3.76,472.50,186.96
3.76,472.60,187.12
3.76,472.30,187.27
3.76,472.60,187.42
3.76,472.60,187.57
3.76,473.00,187.73
3.76,472.80,187.88
3.76,472.50,188.03
3.76,472.50,188.18
3.76,472.20,188.34
3.76,472.40,188.49
3.76,472.50,188.64
3.76,472.50,188.79
3.76,472.50,188.94
3.76,472.40,189.10
3.76,472.40,189.25
3.76,472.60,189.40
3.76,472.40,189.55
3.76,472.20,189.71
3.76,472.10,189.86
3.76,472.30,190.01
3.76,472.20,190.16
3.76,472.30,190.31
3.76,472.20,190.47
3.76,472.10,190.62
3.76,472.00,190.77
3.76,471.90,190.92
3.76,472.00,191.08
3.76,471.80,191.23
3.76,472.00,191.38
3.76,472.10,191.53
3.76,471.80,191.68
3.76,472.00,191.84
3.76,472.00,191.99
3.76,471.90,192.14
3.76,471.80,192.29
3.76,471.90,192.44
3.76,471.80,192.60
3.76,471.70,192.75
3.76,471.60,192.90
3.76,471.90,193.05
3.75,471.60,193.20
3.75,471.70,193.36
3.76,471.60,193.51
3.75,471.50,193.66
3.75,471.40,193.81
3.75,471.20,193.96
3.75,471.40,194.12
3.75,471.50,194.27
3.75,471.40,194.42
3.75,471.20,194.57
3.75,471.40,194.72
3.75,471.30,194.87
3.75,471.20,195.03
3.75,471.40,195.18
3.75,471.30,195.33
3.75,471.00,195.48
3.75,471.20,195.63
3.75,471.20,195.79
3.75,470.90,195.94
3.75,471.40,196.09
3.75,470.70,196.24
3.75,470.80,196.39
3.75,470.80,196.54
3.75,470.60,196.70
3.75,471.00,196.85
3.75,470.80,197.00
3.75,470.80,197.15
3.75,470.90,197.30
3.75,470.70,197.45
3.75,470.30,197.61
3.75,470.10,197.76
3.75,470.60,197.91
3.75,470.30,198.06
3.75,470.20,198.21
3.75,470.60,198.36
3.75,469.80,198.52
3.75,470.30,198.67
3.75,470.10,198.82
3.75,470.10,198.97
3.75,469.90,199.12
3.74,470.20,199.27
3.75,469.90,199.42
3.74,470.20,199.58
3.75,470.20,199.73
3.75,470.10,199.88
3.74,470.40,200.03
3.74,469.90,200.18
3.74,470.20,200.33
3.75,470.00,200.49
3.74,469.30,200.64
3.74,469.90,200.79
3.74,469.80,200.94
3.74,469.80,201.09
3.74,469.50,201.24
3.74,469.70,201.39
3.74,469.70,201.55
3.74,469.60,201.70
3.74,469.50,201.85
3.74,469.10,202.00
3.74,469.60,202.15
3.74,469.70,202.30
3.74,469.90,202.45
3.74,469.80,202.61
3.74,469.50,202.76
3.74,469.50,202.91
3.74,469.70,203.06
3.74,469.40,203.21
3.74,469.50,203.36
3.74,469.00,203.51
3.74,469.60,203.67
3.74,469.50,203.82
3.74,469.20,203.97
3.74,469.50,204.12
3.74,469.70,204.27
3.74,469.10,204.42
3.74,469.50,204.57
3.74,469.50,204.72
3.74,469.10,204.88
3.74,469.50,205.03
3.74,469.20,205.18
3.74,469.30,205.33
3.74,468.90,205.48
3.74,469.20,205.63
3.74,469.00,205.78
3.74,469.00,205.94
3.74,469.00,206.09
3.74,468.90,206.24
3.74,469.00,206.39
3.74,469.10,206.54
3.74,468.90,206.69
3.74,469.00,206.84
3.74,468.90,206.99
3.74,468.80,207.15
3.74,468.70,207.30
3.74,468.70,207.45
3.74,468.80,207.60
3.74,468.80,207.75
3.73,468.70,207.90
3.73,468.80,208.05
3.73,468.70,208.20
3.73,468.30,208.35
3.74,468.40,208.51
3.73,468.40,208.66
3.74,468.40,208.81
3.73,468.60,208.96
3.73,468.30,209.11
3.73,468.20,209.26
3.73,467.90,209.41
3.73,468.20,209.56
3.73,468.30,209.71
3.73,467.90,209.87
3.73,468.20,210.02
3.73,468.10,210.17
3.73,468.10,210.32
3.73,468.00,210.47
3.73,468.10,210.62
3.73,468.10,210.77
3.73,468.10,210.92
3.73,468.00,211.07
3.73,467.90,211.22
3.73,468.20,211.37
3.73,467.80,211.52
3.73,467.90,211.68
3.73,468.00,211.83
3.73,467.90,211.98
3.73,468.00,212.13
3.73,467.80,212.28
3.73,467.90,212.43
3.73,467.60,212.58
3.73,467.80,212.73
3.73,467.70,212.88
3.73,467.90,213.03
3.73,467.70,213.18
3.73,467.70,213.33
3.73,467.40,213.48
3.73,467.40,213.64
3.73,467.50,213.79
3.73,467.40,213.94
3.72,467.30,214.09
3.73,467.70,214.24
3.73,467.00,214.39
3.73,467.20,214.54
3.73,467.20,214.69
3.73,467.10,214.84
3.73,467.20,214.99
3.73,467.20,215.14
3.73,466.80,215.29
3.73,467.10,215.44
3.73,467.00,215.59
3.73,467.10,215.74
3.73,466.70,215.89
3.73,466.90,216.04
3.73,466.90,216.19
3.73,466.90,216.35
3.73,466.60,216.50
3.73,466.70,216.65
3.73,466.70,216.80
3.73,466.80,216.95
3.73,466.90,217.10
3.72,466.50,217.25
3.73,466.40,217.40
3.72,466.60,217.55
3.73,466.70,217.70
3.73,467.00,217.85
3.73,466.50,218.00
3.73,466.60,218.15
3.72,466.50,218.30
3.72,466.50,218.45
3.72,466.40,218.60
3.72,466.20,218.75
3.73,466.20,218.90
3.72,466.30,219.05
3.72,465.90,219.20
3.72,465.80,219.35
3.72,466.20,219.50
3.72,465.90,219.65
3.72,466.20,219.80
3.72,466.00,219.95
3.72,466.00,220.10
3.72,466.00,220.25
3.72,465.80,220.40
3.72,465.40,220.55
3.72,465.80,220.70
3.72,465.70,220.85
3.72,466.00,221.00
3.72,465.60,221.15
3.72,465.80,221.30
3.72,465.50,221.45
3.72,465.50,221.60
3.72,465.50,221.76
3.72,465.50,221.91
3.72,465.60,222.05
3.72,465.40,222.20
3.72,465.00,222.35
3.72,465.30,222.50
3.72,465.30,222.65
3.72,465.40,222.80
3.72,465.30,222.95
3.72,464.70,223.10
3.72,465.10,223.25
3.71,465.00,223.40
3.72,464.80,223.55
3.71,465.10,223.70
3.71,464.70,223.85
3.71,465.00,224.00
3.71,464.80,224.15
3.71,465.00,224.30
3.71,465.00,224.45
3.71,464.80,224.60
3.71,465.00,224.75
3.71,464.80,224.90
3.71,465.00,225.05
3.71,464.90,225.20
3.71,464.80,225.35
3.71,464.50,225.50
3.71,464.60,225.65
3.71,464.60,225.80
3.71,464.80,225.95
3.71,464.50,226.10
3.71,464.70,260
3.65,450.30,277.70
3.64,450.80,277.84
3.64,450.40,277.99
